partnerId,numOfLogins,partnerName,partnerPassword,partnerEmail
2,2,Jonathan Graham,Graham02#,john_graham@gmail.com
4,1,Susan Harris,Susan04#,SusanHarrys@gmail.com
1,0,Lily White,lily.white1,lily.white1@yahoo.com
3,1,Violet Riley,Violet03#,violetRiley33@yahoo.com
